<?xml version="1.0" encoding="UTF-8"?>
<project-private xmlns="http://www.netbeans.org/ns/project-private/1">
    <editor-bookmarks xmlns="http://www.netbeans.org/ns/editor-bookmarks/2" lastBookmarkId="0"/>
    <open-files xmlns="http://www.netbeans.org/ns/projectui-open-files/2">
        <group>
            <file>file:/C:/Users/carlo/Desktop/IngInformatica/3º%20Curso/2º%20Cuatrimestre/ASDM/Practicas/Plant_Decorador2/src/plant_decorador2/ComponenteConcreto.java</file>
            <file>file:/C:/Users/carlo/Desktop/IngInformatica/3º%20Curso/2º%20Cuatrimestre/ASDM/Practicas/Plant_Decorador2/src/plant_decorador2/Plant_Decorador2.java</file>
            <file>file:/C:/Users/carlo/Desktop/IngInformatica/3º%20Curso/2º%20Cuatrimestre/ASDM/Practicas/Plant_Decorador2/src/plant_decorador2/Decorador.java</file>
            <file>file:/C:/Users/carlo/Desktop/IngInformatica/3º%20Curso/2º%20Cuatrimestre/ASDM/Practicas/Plant_Decorador2/src/plant_decorador2/ICompoennte.java</file>
            <file>file:/C:/Users/carlo/Desktop/IngInformatica/3º%20Curso/2º%20Cuatrimestre/ASDM/Practicas/Plant_Decorador2/src/plant_decorador2/DecoradorConcretoA.java</file>
        </group>
    </open-files>
</project-private>
